{
  "pan": {
    "x": 445.44753875129925,
    "y": 182.5611539646635
  },
  "scale": 0.5420492340985297,
  "layout": {
    "fc78c76f-669d-4742-b0e1-a3d3756a247d": {
      "x": 859,
      "y": 321.0000171661377
    },
    "0704c86c-ba6f-4cf5-9e50-17d3f209c07a": {
      "x": -292.3999938964844,
      "y": 96.80000495910645
    },
    "42a703f8-0ad2-4c38-9922-1c68e7dfea88": {
      "x": -9.600006103515625,
      "y": 219.80000495910645
    },
    "1b61a2e0-2aa0-4f18-a875-9b2edaa63122": {
      "x": -285.1999969482422,
      "y": -184.59998893737793
    },
    "268eb274-4c79-4863-9df1-ff3fb608b289": {
      "x": 866.2716049382715,
      "y": 111.26171971544807
    },
    "1d6d3ca8-4c8f-46dc-a68f-23fe377f1071": {
      "x": 266.43211383584105,
      "y": -16.009836243994442
    },
    "a065b925-01fc-463f-9337-2ef1752cb097": {
      "x": 622.6543661988811,
      "y": 160.43456864062654
    },
    "85284a01-518f-4427-96ff-19398960c901": {
      "x": -429.2227637666425,
      "y": 269.1555340580718
    },
    "1a269c8e-352a-4342-8337-fed5b5de7bbf": {
      "x": -114.64703639350404,
      "y": 611.0279670893938
    },
    "a6c1aca8-9ce3-4f07-bb6d-6de7c70e6089": {
      "x": 330.98968823801727,
      "y": 496.9459673235758
    }
  },
  "toolchain": {
    "tools": {
      "fc78c76f-669d-4742-b0e1-a3d3756a247d": {
        "state": {
          "canvas": {}
        },
        "path": "./tools/audio/audioAnalyser.js"
      },
      "0704c86c-ba6f-4cf5-9e50-17d3f209c07a": {
        "state": {},
        "path": "./tools/audio/mediaStreamSource.js"
      },
      "42a703f8-0ad2-4c38-9922-1c68e7dfea88": {
        "state": {
          "volume": 0.46
        },
        "path": "./tools/audio/gain.js"
      },
      "1b61a2e0-2aa0-4f18-a875-9b2edaa63122": {
        "state": {
          "microphone": {}
        },
        "path": "./tools/inputs/microphone.js"
      },
      "268eb274-4c79-4863-9df1-ff3fb608b289": {
        "state": {},
        "path": "./tools/audio/audioDestination.js"
      },
      "1d6d3ca8-4c8f-46dc-a68f-23fe377f1071": {
        "state": {
          "amount": 159,
          "overSample": "none"
        },
        "path": "./tools/audio/distortion.js"
      },
      "a065b925-01fc-463f-9337-2ef1752cb097": {
        "state": {
          "filterType": "bandpass"
        },
        "path": "./tools/audio/biquadFilter.js"
      },
      "85284a01-518f-4427-96ff-19398960c901": {
        "state": {
          "canvas": {}
        },
        "path": "./tools/audio/audioAnalyser.js"
      },
      "1a269c8e-352a-4342-8337-fed5b5de7bbf": {
        "state": {
          "canvas": {}
        },
        "path": "./tools/audio/audioAnalyser.js"
      },
      "a6c1aca8-9ce3-4f07-bb6d-6de7c70e6089": {
        "state": {
          "canvas": {}
        },
        "path": "./tools/audio/audioAnalyser.js"
      }
    },
    "pipes": {
      "0704c86c-ba6f-4cf5-9e50-17d3f209c07a_node_42a703f8-0ad2-4c38-9922-1c68e7dfea88_node": {
        "start": {
          "toolID": "0704c86c-ba6f-4cf5-9e50-17d3f209c07a",
          "portID": "node"
        },
        "end": {
          "toolID": "42a703f8-0ad2-4c38-9922-1c68e7dfea88",
          "portID": "node"
        }
      },
      "1b61a2e0-2aa0-4f18-a875-9b2edaa63122_mediaStream_0704c86c-ba6f-4cf5-9e50-17d3f209c07a_mediaStream": {
        "start": {
          "toolID": "1b61a2e0-2aa0-4f18-a875-9b2edaa63122",
          "portID": "mediaStream"
        },
        "end": {
          "toolID": "0704c86c-ba6f-4cf5-9e50-17d3f209c07a",
          "portID": "mediaStream"
        }
      },
      "42a703f8-0ad2-4c38-9922-1c68e7dfea88_node_1d6d3ca8-4c8f-46dc-a68f-23fe377f1071_node": {
        "start": {
          "toolID": "42a703f8-0ad2-4c38-9922-1c68e7dfea88",
          "portID": "node"
        },
        "end": {
          "toolID": "1d6d3ca8-4c8f-46dc-a68f-23fe377f1071",
          "portID": "node"
        }
      },
      "1d6d3ca8-4c8f-46dc-a68f-23fe377f1071_node_a065b925-01fc-463f-9337-2ef1752cb097_node": {
        "start": {
          "toolID": "1d6d3ca8-4c8f-46dc-a68f-23fe377f1071",
          "portID": "node"
        },
        "end": {
          "toolID": "a065b925-01fc-463f-9337-2ef1752cb097",
          "portID": "node"
        }
      },
      "a065b925-01fc-463f-9337-2ef1752cb097_node_fc78c76f-669d-4742-b0e1-a3d3756a247d_node": {
        "start": {
          "toolID": "a065b925-01fc-463f-9337-2ef1752cb097",
          "portID": "node"
        },
        "end": {
          "toolID": "fc78c76f-669d-4742-b0e1-a3d3756a247d",
          "portID": "node"
        }
      },
      "0704c86c-ba6f-4cf5-9e50-17d3f209c07a_node_85284a01-518f-4427-96ff-19398960c901_node": {
        "start": {
          "toolID": "0704c86c-ba6f-4cf5-9e50-17d3f209c07a",
          "portID": "node"
        },
        "end": {
          "toolID": "85284a01-518f-4427-96ff-19398960c901",
          "portID": "node"
        }
      },
      "42a703f8-0ad2-4c38-9922-1c68e7dfea88_node_1a269c8e-352a-4342-8337-fed5b5de7bbf_node": {
        "start": {
          "toolID": "42a703f8-0ad2-4c38-9922-1c68e7dfea88",
          "portID": "node"
        },
        "end": {
          "toolID": "1a269c8e-352a-4342-8337-fed5b5de7bbf",
          "portID": "node"
        }
      },
      "1d6d3ca8-4c8f-46dc-a68f-23fe377f1071_node_a6c1aca8-9ce3-4f07-bb6d-6de7c70e6089_node": {
        "start": {
          "toolID": "1d6d3ca8-4c8f-46dc-a68f-23fe377f1071",
          "portID": "node"
        },
        "end": {
          "toolID": "a6c1aca8-9ce3-4f07-bb6d-6de7c70e6089",
          "portID": "node"
        }
      },
      "a065b925-01fc-463f-9337-2ef1752cb097_node_268eb274-4c79-4863-9df1-ff3fb608b289_node": {
        "start": {
          "toolID": "a065b925-01fc-463f-9337-2ef1752cb097",
          "portID": "node"
        },
        "end": {
          "toolID": "268eb274-4c79-4863-9df1-ff3fb608b289",
          "portID": "node"
        }
      }
    }
  }
}